episode_length,episode_reward,frame,step,total_time
79.9,1.0,0,0.0,0.0
77.8,1.0,2000,2000.0,4.087149381637573
80.8,1.0,4000,4000.0,7.253523111343384
