episode_length,episode_reward,frame,step,total_time
300.0,0.0,0,0.0,0.0
13.7,1.0,2000,2000.0,26.082755088806152
14.2,1.0,4000,4000.0,48.52159833908081
19.0,1.0,6000,6000.0,71.61106538772583
19.5,1.0,8000,8000.0,94.26031756401062
