episode_length,episode_reward,frame,step,total_time
300.0,0.0,0,0.0,0.0005033016204833984
281.6,0.1,2000,2000.0,24.989003658294678
274.2,0.2,4000,4000.0,51.40574669837952
300.0,0.0,6000,6000.0,77.9264018535614
287.0,0.1,8000,8000.0,105.58056688308716
