actor_loss,discrete_loss,frame,logits_entropy,step,total_time
1.5905520915985107,1.5905520915985107,0,2.079211711883545,0.0,4.009768009185791
1.4629368970889856,1.4645609879493713,100,2.067541711330414,100.0,5.648899078369141
1.1357011653409146,1.1367487025260925,200,1.8969924461841583,200.0,7.127246618270874
0.965523099545205,0.9649340671300888,300,1.6682027459144593,300.0,8.58852481842041
0.8997270352769606,0.8996638053655625,400,1.5897111117839813,400.0,10.098909616470337
0.8730830809857586,0.8734142863750458,500,1.5472451281547546,500.0,11.58752703666687
0.8453718754324583,0.8455608999729156,600,1.5217553853988648,600.0,13.062140464782715
0.8328153573640502,0.832227024435997,700,1.496112859249115,700.0,14.68032455444336
