actor_loss,discrete_loss,frame,logits_entropy,offset_loss,step,total_time
-267.7547607421875,1.5905520915985107,0,2.079211711883545,-269.3453073501587,0.0,44.34063506126404
