episode_length,episode_reward,frame,step,total_time
158.0,1.0,0,0.0,0.006008625030517578
300.0,0.0,2000,2000.0,35.9501953125
