episode_length,episode_reward,frame,step,total_time
300.0,0.0,0,0.0,0.0
79.4,1.0,2000,2000.0,31.730005979537964
79.3,1.0,4000,4000.0,63.85724186897278
