episode_length,episode_reward,frame,step,total_time
294.8,0.1,0,0.0,0.0
13.5,1.0,2000,2000.0,39.07988381385803
14.4,1.0,4000,4000.0,77.20030546188354
18.9,1.0,6000,6000.0,118.63899445533752
