episode_length,episode_reward,frame,step,total_time
300.0,0.0,0,0.0,0.0
300.0,0.0,2000,2000.0,3.1733920574188232
300.0,0.0,4000,4000.0,6.320616245269775
300.0,0.0,6000,6000.0,9.454848527908325
300.0,0.0,8000,8000.0,12.788424253463745
300.0,0.0,10000,10000.0,16.961950302124023
300.0,0.0,12000,12000.0,20.943464279174805
300.0,0.0,14000,14000.0,24.737704277038574
300.0,0.0,16000,16000.0,29.004589080810547
