episode_length,episode_reward,frame,step,total_time
158.0,1.0,0,0.0,0.0
300.0,0.0,2000,2000.0,36.48023319244385
300.0,0.0,4000,4000.0,78.53575682640076
