episode_length,episode_reward,frame,step,total_time
158.0,1.0,0,0.0,0.0040128231048583984
65.0,1.0,2000,2000.0,61.338112354278564
64.0,1.0,4000,4000.0,141.81023383140564
65.0,1.0,6000,6000.0,202.48158764839172
65.0,1.0,8000,8000.0,253.9771637916565
64.0,1.0,10000,10000.0,318.50253891944885
