episode_length,episode_reward,frame,step,total_time
79.9,1.0,0,0.0,0.0019948482513427734
77.8,1.0,2000,2000.0,2.8487703800201416
80.8,1.0,4000,4000.0,5.653948545455933
79.3,1.0,6000,6000.0,8.662798166275024
86.6,1.0,8000,8000.0,11.75093960762024
81.0,1.0,10000,10000.0,15.220213413238525
82.2,1.0,12000,12000.0,18.497357845306396
