episode_length,episode_reward,frame,step,total_time
116.6,1.0,0,0.0,0.0015058517456054688
91.2,0.9,2000,2000.0,46.33561182022095
91.6,0.9,4000,4000.0,94.05529522895813
68.5,1.0,6000,6000.0,142.04631686210632
66.1,1.0,8000,8000.0,199.91708493232727
