episode_length,episode_reward,frame,step,total_time
300.0,0.0,0,0.0,0.0029108524322509766
78.0,1.0,2000,2000.0,32.069448471069336
78.0,1.0,4000,4000.0,64.10943603515625
