episode_length,episode_reward,frame,step,total_time
300.0,0.0,0,0.0,0.0010712146759033203
76.0,1.0,2000,2000.0,38.83383917808533
76.0,1.0,4000,4000.0,75.13466191291809
300.0,0.0,6000,6000.0,111.96471691131592
300.0,0.0,8000,8000.0,153.82769584655762
300.0,0.0,10000,10000.0,197.8485984802246
