episode_length,episode_reward,frame,step,total_time
300.0,0.0,0,0.0,0.0
15.5,1.0,2000,2000.0,27.01023006439209
18.5,1.0,4000,4000.0,48.74101400375366
20.9,1.0,6000,6000.0,70.72731685638428
22.0,1.0,8000,8000.0,93.48868131637573
