episode_length,episode_reward,frame,step,total_time
116.6,1.0,0,0.0,0.0005075931549072266
91.2,0.9,2000,2000.0,50.71415638923645
