episode_length,episode_reward,frame,step,total_time
158.0,1.0,0,0.0,0.0
65.0,1.0,2000,2000.0,50.13405704498291
64.0,1.0,4000,4000.0,117.93125534057617
