episode_length,episode_reward,frame,step,total_time
158.0,1.0,0,0.0,0.0
65.0,1.0,2000,2000.0,35.34019613265991
64.0,1.0,4000,4000.0,69.90760660171509
65.0,1.0,6000,6000.0,105.46933674812317
65.0,1.0,8000,8000.0,153.3850908279419
64.0,1.0,10000,10000.0,224.8859248161316
